source,target
A. Ali Ural,Şule
A. Mümtaz İdil,Öteki
A. Mümtaz İdil,Tez
A. Mümtaz İdil,Etkin
A. Turan Oflazoğlu,Varlık
A. Turan Oflazoğlu,İstanbul Üniversitesi Edebiyat Fakültesi
A. Turan Oflazoğlu,Milli Eğitim Bakanlığı
A. Turan Oflazoğlu,Dönem
A. Turan Oflazoğlu,Bilgi
A. Turan Oflazoğlu,Cem
A. Turan Oflazoğlu,Kültür ve Turizm Bakanlığı
A. Turan Oflazoğlu,Adam
A. Turan Oflazoğlu,İz
Abbas Zamanov,Uşaqgencneşr
Abbas Zamanov,Genclik Neşriyyatı
Abdullah Cevdet,Matbaa-i Osmaniye
Abdullah Cevdet,Matbaa-i Vilayet
Abdullah Cevdet,Osmaniye
Abdullah Cevdet,A. Costagliola
Abdullah Cevdet,Matbaa-i İçtihad
Abdullah Cevdet,Matbaa-i İçtihad - Kahire
Abdullah Cevdet,Resimli Kitap
Abdullah Cevdet,Matbaa-i Hayriye
Abdullah Cevdet,Kanaat
Abdullah Cevdet,Matbaa-i Orhaniye
Abdullah Cevdet,Necm-i İstikbal
Abdullah Cevdet,Necmi-i İstikbal
Abdullah Cevdet,Matbaa-i Amedi
Abdullah Cevdet,Matbaa-i Amire
Abdullah Cevdet,Milli Eğitim Bakanlığı
Abdullah Cevdet,Kitapçı Arakel Tozliyan İdare-i Şirket-i Mürettebiye Matbaası
Abdullah Cevdet,Devlet
Abdullah Rıza Ergüven,Varlık
Abdullah Rıza Ergüven,Kardeşler Basımevi
Abdullah Rıza Ergüven,Berfin
Abdullah Zühtü,Asır Kütüphanesi
Abdullah Zühtü,Mihran
Abdullah Zühtü,İkdam
Abdullah Zühtü,Saadet
Abdullah Zühtü,Matbaa-i Karabet
Abdülgani Seniy Yurtman,Asır Kütüphanesi
Abdülgani Seniy Yurtman,Vilayet
Abdülgani Seniy Yurtman,İnsel
Abdülkadir Meriçboyu,Türkiye İş Bankası
Abdülkadir Meriçboyu,İstanbul Matbaası
Abdülkadir Meriçboyu,Akşam Kitap Kulübü
Abdülkadir Meriçboyu,Sander
Abdülkadir Meriçboyu,Gün
Abdülkadir Noyan,Matbaa-i Hayriye
Abusupiyan Akayev,M. Mavrayev
Adnan Tahir Tan,Akba
Adnan Tahir Tan,Arif Bolat Kitapevi
Adnan Tahir Tan,Semih Lütfi Kitabevi
Adnan Tahir Tan,Yeni Mecmua
Adnan Tahir Tan,İnsel
Adnan Tahir Tan,Türkiye
Adnan Tahir Tan,Ekicigil
Adnan Tahir Tan,Hürriyet Gazetesi
Adnan Tahir Tan,Çınar
Adnan Tahir Tan,Minnetoğlu
Adnan Tahir Tan,Altın Kitaplar
Adnan Tahir Tan,Anten
Adnan Tahir Tan,K
Adnan Tahir Tan,Örgün
Adnan Özer,Adam
Adnan Özer,De
Adnan Özer,Yılmaz
Adnan Özer,Yön
Adnan Özer,Kavram
Adnan Özer,Papirüs
Adnan Özer,Gendaş
Adnan Özer,Kekeme
Adnan Özer,Kırmızı
Adnan Özer,Edisam
Adnan Özer,Özgür
Adnan Özer,Can
Adnan Özer,Vapur
Adnan Özyalçıner,Cem
Afet Ilgaz,Sanat
Afif Yesari,İtimat Kitabevi
Ahmet Cemal,Afa
Ahmet Cevat Emre,Türk Dil Kurumu
Ahmet Cevat Emre,Varlık
Ahmet Cevat Emre,Milli Eğitim Bakanlığı
Ahmet Emin YALMAN,Muallim Ahmet Halit Yaşaroğlu Kitaphanesi
Ahmet Emin YALMAN,Vatan
Ahmet Emin YALMAN,Nebioğlu
Ahmet Hamdi Tanpınar,Milli Eğitim Bakanlığı
Ahmet Hamdi Tanpınar,Dergah
Ahmet Hikmet Müftüoğlu,Ahter
Ahmet Hikmet Müftüoğlu,Cemal Efendi
Ahmet Hikmet Müftüoğlu,Kitapçı Arakel Tozliyan İdare-i Şirket-i Mürettebiye Matbaası
Ahmet Kabaklı,Altın Kitaplar
Ahmet Kot,Yeryüzü
Ahmet Kot,Beyan
Ahmet Metin Şahin,Irmak
Ahmet Mithat Efendi,Mihran
Ahmet Mithat Efendi,Kırkambar
Ahmet Mithat Efendi,Tercüman-ı Hakikat
Ahmet Mithat Efendi,Matbaa-i Amire
Ahmet Mithat Efendi,Bahriye
Ahmet Necdet Sözer,Everest
Ahmet Necdet Sözer,Dünya
Ahmet Necdet Sözer,Adam
Ahmet Necdet Sözer,Ayrıntı
Ahmet Rasim,Matbaa-i K. Bağdadliyan
Ahmet Rasim,Vatan Kitaphanesi
Ahmet Rasim,Kitapçı Arakel Tozliyan İdare-i Şirket-i Mürettebiye Matbaası
Ahmet Rasim,Kitabhane-i Ebuzziya
Ahmet Rasim,Mahmud Bey
Ahmet Rasim,Tefeyyüz
Ahmet Rasim,Cemal Efendi
Ahmet Rasim,Asır Kütüphanesi
Ahmet Rasim,Matbaa-i Karabet
Ahmet Rasim,Malumat Gazeteleri
Ahmet Rasim,İkdam
Ahmet Rasim,Artin Asadoryan Şirket-i Mürettibiye
Ahmet Rasim,Malumat Kütübhanesi
Ahmet Rasim,Kitaphane-i İslam ve Askeri
Ahmet Rasim,Mihran
Ahmet Refik (Altınay),Kanaat
Ahmet Remzi Akyürek,Evkaf-ı İslamiyye
Ahmet Remzi Akyürek,İstanbul Üniversitesi Edebiyat Fakültesi
Ahmet Remzi Akyürek,Kayseri Eski Eserleri
Ahmet Remzi Akyürek,Kayseri Eski Eserleri
Ahmet Remzi Akyürek,Müzeleri Sevenler Derneği
Ahmet Remzi Akyürek,Müzeleri Sevenler Derneği
Ahmet Remzi Akyürek,Tasavvuf Dergisi
Ahmet Soysal,Nisan
Ahmet Soysal,Metis
Ahmet Soysal,İmge
Ahmet Vefik Paşa,Tasvir-i Efkar
Ahmet Vefik Paşa,Matbaa-i Amire
Ahmet Vefik Paşa,Bab-ı Ali Karşısında 57 numaralı matbaa
Ahmet Vefik Paşa,Civelekyan
Ahmet Vefik Paşa,Cihan
Ahmet Vefik Paşa,Kanaat Kütüphanesi
Ahmet Yorulmaz,Yalçın
Ahmet Yorulmaz,Boyut
Ahmet Yorulmaz,Belge
Ahmet Yorulmaz,Adam
Ahmet İhsan Gevrek,Yargıçoğlu
Ahmet İhsan Gevrek,Yağmur
Ali (Direktör),Asır Kütüphanesi
Ali Cengizkan,Kuzey
Ali Cengizkan,Verso
Ali Cengizkan,Şevki Vanlı Mimarlık Vakfı
Ali Cengizkan,Yön
Ali Ece,Profil
Ali Ferruh (İBNÜRREŞAT),Matbaa-i Karabet
Ali Halim Neyzi,Mitos
Ali Halim Neyzi,Türkiye İş Bankası
Ali Hüseyin (Hüseyinzade) Turan,Bahariye
Ali Hüseyin (Hüseyinzade) Turan,Kader
Ali Hüseyin (Hüseyinzade) Turan,Hamit
Ali Kemal,Artin Asaduryan Şirket-i Mürettibiye
Ali Kemal,İkdam
Ali Kemal,Tahir Bey
Ali Kemal,Tevsi-i Tıbaat
Ali Kurdoğlu,Kültür ve Turizm Bakanlığı
Ali Kami Akyüz,Ruşen
Ali Kami Akyüz,Letafet
Ali Kami Akyüz,Hilmi
Ali Kami Akyüz,Tema
Ali Nihad Tarlan,Sühulet
Ali Nihad Tarlan,CHP
Ali Nihad Tarlan,Milli Eğitim Bakanlığı
Ali Nihad Tarlan,Selami Sertoğlu
Ali Nihad Tarlan,Tan
Ali Nihad Tarlan,Muallim Ahmet Halit Yaşaroğlu Kitaphanesi
Ali Nihad Tarlan,Türkiye İş Bankası
Ali Nihad Tarlan,Yenilik
Ali Nihad Tarlan,Kervan
Ali Nihad Tarlan,Ahmet Sait
Ali Nihad Tarlan,İstanbul Üniversitesi Edebiyat Fakültesi
Ali Nihad Tarlan,İstanbul Matbaası
Ali Nihad Tarlan,RCD Kalkınma İçin İşbirliği Kültür Enstitüsü Neşriyatı
Ali Nihad Tarlan,M. İkbal Derneği
Ali Nihad Tarlan,Harvard Üniversitesi Yakındoğu Dilleri ve Medeniyetleri Bölümü
Ali Nihad Tarlan,Sufi Kitap
Ali Nusret,Tercüman-ı Hakikat
Ali Nusret,Kitabhane-i Ebuzziya
Ali Nusret,Tanin
Ali Püsküllüoğlu,Ankara Üniversitesi
Ali Rıza Seyfi,Tahir Bey
Ali Rıza Seyfi,Ali Şükrü
Ali Rıza Seyfi,Ciddi Eserler Kütüphanesi
Ali Rıza Seyfi,Erkan-ı Harbiye-i Umumiye
Ali Rıza Seyfi,Deniz
Ali Rıza Seyfi,Resimli Ay
Ali Rıza Seyfi,Sinan Matbaası Neşriyat Evi
Ali Rıza Seyfi,Kanaat
Ali Rıza Seyfi,Askeri
Ali Rıza Seyfi,Milli Eğitim Bakanlığı
Ali Suavi,Ruzname-i Ceride-i Havadis Gazetesi
Ali Suavi,Mukhbir
Ali Süha Delilbaşı,Hilal
Ali Süha Delilbaşı,Haşet Kitaphaneleri
Ali Süha Delilbaşı,Milli Eğitim Bakanlığı
Ali Süha Delilbaşı,Ulusal
Ali Süha Delilbaşı,CHP Halkevleri
Ali Süha Delilbaşı,Sağlık ve Sosyal Yardım Bakanlığı
Ali Ulvi Kurucu,Hilal
Ali Ulvi Kurucu,Orkun
Alper Çeker,Altıkırkbeş
Anıl Meriçelli,Varlık
Anıl Meriçelli,Meriçelli
Anıl Meriçelli,İnsancıl
Anıl Meriçelli,Yaba
Asım Bezirci,Ekicigil
Asım Bezirci,Ataç
Asım Bezirci,İstanbul Matbaası
Asım Bezirci,De
Asım Bezirci,İzlem
Asım Bezirci,Varlık
Asım Bezirci,Sosyal Yayınlar
Asım Bezirci,Oluş
Asım Bezirci,Dönem
Asım Bezirci,Ararat
Asım Bezirci,Çan
Asım Bezirci,Kitoy
Asım Bezirci,Yazko
Asım Bezirci,Damar
Ataol Behramoğlu,Ekim
Ataol Behramoğlu,Sinan
Ataol Behramoğlu,Cem
Ataol Behramoğlu,Yeni Türkü
Ataol Behramoğlu,İletişim
Ataol Behramoğlu,Milliyet
Ataol Behramoğlu,Doğan Kitap
Ataol Behramoğlu,Gendaş
Ataol Behramoğlu,Yapı Kredi
Ataol Behramoğlu,Adam
Ataol Behramoğlu,Türkiye İş Bankası
Ataol Behramoğlu,Cumhuriyet
Ataol Behramoğlu,Kültür ve Turizm Bakanlığı
Ataol Behramoğlu,Tekin
Ataol Behramoğlu,İlkay Ofset
Attila İlhan,Varlık
Attila İlhan,Acaoğlu
Attila İlhan,Altın Kitaplar
Avanzade Mehmet Süleyman,Asır Kütüphanesi
Avanzade Mehmet Süleyman,Mahmud Bey
Avanzade Mehmet Süleyman,Yuvanaki Panayoditis
Avanzade Mehmet Süleyman,Lusiyen
Avanzade Mehmet Süleyman,Matbaa-i Jirayır ve Keteon
Avanzade Mehmet Süleyman,Kader
Avanzade Mehmet Süleyman,Kadınların Dünyası Matbaası
Avanzade Mehmet Süleyman,Necm-i İstikbal
Avanzade Mehmet Süleyman,Araks
Avanzade Mehmet Süleyman,Evkaf
Avanzade Mehmet Süleyman,Matbaa-i Orhaniye
Avanzade Mehmet Süleyman,İkdam
Avanzade Mehmet Süleyman,Türk Dünyası
Avanzade Mehmet Süleyman,İtimad Kütüphanesi
Avni Givda,Milli Eğitim Bakanlığı
Ayanzade Namık Ekrem,Asır Kütüphanesi
Aydın Arıt,Milliyet
Aydın Arıt,Cem
Ayfer Gürdal Ünal,Boyner
Ayfer Gürdal Ünal,Ötesi
Ayfer Gürdal Ünal,Tarih Vakfı
Aytekin Karaçoban,Mezopotamya
Aytekin Karaçoban,Öteki
Aytekin Karaçoban,Kavram
Aytekin Karaçoban,Peri
Aytekin Karaçoban,Gün
Aytekin Karaçoban,Dünya
Aytekin Karaçoban,Doruk
Aytekin Karaçoban,Everest
Ayten Mutlu,Serhat
Ayten Mutlu,Artshop
Ayten Mutlu,Gece
Ayşe Sarısayın,Can
Ayşe Sarısayın,Everest
Ayşe Tunceroğlu,Babıali Kültür Yayıncılığı
Ayşe Tunceroğlu,Avcıol
Ayşe İlker,Akademi
Azer Yaran,Onur
Azer Yaran,Anadolu Çevirmenler ve Yazarlar Yayın Üretim Kooperatifi
Azer Yaran,Adam
Azer Yaran,İyi Şeyler
Azer Yaran,Cumhuriyet
Azer Yaran,Gendaş
Azer Yaran,Yapı Kredi
Aziz Çalışlar,Altın Kitaplar
Azmi Nihad Erman,Necmeddin Salman Kitap Yayma Odası
Azmi Nihad Erman,Demet
Azmi Nihad Erman,Ressam Kemal Bakı
Azmi Nihad Erman,Renk
Azmi Nihad Erman,Halk
Azmi Nihad Erman,May
Azra Erhat,Cem
Aşım Cakıpbekov,Kırgızstan
Aşım Cakıpbekov,Mektep
Basri Gocul,Özvar
Başar Başarır,Hep Kitap
Başar Sabuncu,Mitos
Başar Sabuncu,Ayrıntı
Behiç Duygulu,Kovan
Belma Aksun,İnkılap
Belma Aksun,Beyan
Belma Aksun,Mühür
Belma Aksun,Metis
Belma Aksun,Nehir
Belma Aksun,Ötüken
Besim Atalay,Köy Hocası
Besim Atalay,Alaeddin Kıral
Besim Atalay,Muallim Ahmet Halit Yaşaroğlu Kitaphanesi
Besim Atalay,Türk Dil Kurumu
Besim Atalay,İbrahim Horoz
Besim Atalay,Üçler
Besim Atalay,Burhanettin Erenler
Besim Atalay,Doğan Kardeş
Besim Atalay,Ayyıldız
Betül Avunç,Homer
Betül Avunç,Türkiye İş Bankası
Beşir Fuat,Mihran
Beşir Fuat,Artin Asadoryan Şirket-i Mürettibiye
Bilgin Adalı,Kavram
Bilgin Adalı,Reklamcılık Vakfı
Bilgin Adalı,Everest
Bilgin Adalı,Serhat
Bilgin Adalı,Artemis
Bilgin Adalı,YKY
Bilgin Adalı,Can
Burhan Arpad,Tan
Burhan Arpad,Akka
Burhan Arpad,ABC
Burhan Arpad,Yokuş
Burhan Arpad,Milli Eğitim Bakanlığı
Burhan Arpad,Arpad
Burhan Arpad,Arif Bolat Kitapevi
Burhan Arpad,Türkiye
Burhan Arpad,Altın Kitaplar
Burhan Arpad,Varlık
Burhan Arpad,Doğan Kardeş
Burhan Arpad,May
Burhan Arpad,Gazeteciler Cemiyeti
Burhan Arpad,Evran
Burhan Arpad,Fahir Onger
Burhan Arpad,İzlem
Burhan Arpad,Cem
Burhan Arpad,Yankı
Burhan Arpad,Milliyet
Burhan Arpad,Bozok
Burhan Arpad,Düşün
Burhan Arpad,Can
Burhan Arpad,Ceylan
Burhan Arpad,Evrensel
Burhan Arpad,Everest
Burhan Felek,Remzi
Burhan Felek,Altın Kitaplar
Burhan Felek,Milliyet
Bülent Habora,Habora
Bülent Habora,Yar
Bülent Habora,Yel Değirmeni
Cahit Beğenç,Ulus
Cahit Beğenç,İstiklal
Cahit Beğenç,Kültür ve Turizm Bakanlığı
Cahit Koytak,İnsan
Cahit Koytak,Seçkin
Cahit Koytak,Kahraman
Cahit Koytak,İşaret
Cahit Koytak,Kapı
Cahit Sıtkı Tarancı,Güzel Sanatlar Akademisi
Can Yücel,Seçilmiş Hikayeler Dergisi
Celal Esat Arseven,Asır Kütüphanesi
Celal Esat Arseven,Matbaa-i Amire
Celal Esat Arseven,Şehrameneti
Celal Esat Arseven,İbrahim Horoz
Celal Sahir Erozan,Kanaat
Cem Atbaşoğlu,Compos Mentis
Cem Atbaşoğlu,Metis
Cemal Süreya Seber,De
Cemal Süreya Seber,Bilgi
Cemal Süreya Seber,Fahir Onger
Cemal Süreya Seber,Dönem
Cemal Süreya Seber,Gerçek
Cemal Süreya Seber,Cem
Cemal Süreya Seber,Altın Kitaplar
Cemal Süreya Seber,Varlık
Cemal Süreya Seber,Habora
Cemal Süreya Seber,Sol
Cemal Süreya Seber,Ant
Cemal Süreya Seber,Adam
Cemal Süreya Seber,Hürriyet
Cemal Süreya Seber,E
Cemal Süreya Seber,Taban
Cemal Süreya Seber,Seçme
Cemal Süreya Seber,Payel
Cemal Süreya Seber,Onur
Cemal Süreya Seber,Türkiye Turing ve Otomobil Kurumu
Cemal Süreya Seber,Milliyet
Cemal Süreya Seber,Deng
Cemal Süreya Seber,İletişim
Cemal Süreya Seber,Yapı Kredi
Cemil Cahit Cem,Güven
Cemil Meriç,Üniversite
Cemil Meriç,Arif Bolat Kitapevi
Cemil Meriç,Yüksel
Cemil Meriç,İnkılap
Cemil Meriç,Milli Eğitim Bakanlığı
Cemil Meriç,Dönem
Cemil Meriç,Sebil
Cemil Meriç,Tur
Cemil Meriç,Pınar
Cengiz Bektaş,Çağdaş
Cengiz Tuncer,Sosyal
Cevat Çapan,De
Cevat Çapan,Uğrak
Cevat Çapan,Çan
Cevat Çapan,Payel
Cevat Çapan,Yankı
Cevat Çapan,E
Cevat Çapan,Cem
Cevat Çapan,Kültür ve Turizm Bakanlığı
Cevat Çapan,Remzi
Cevat Çapan,Adam
Cevat Çapan,Kuzey
Cevat Çapan,İyi Şeyler
Cevat Çapan,Yön
Cevat Çapan,YKY
Cevat Çapan,Metis
Cevat Çapan,İmge
Cevat Çapan,İletişim
Cevat Çapan,Dünya
Cevat Çapan,Mitos
Cevat Çapan,Can
Cevat Çapan,Helikopter
Cevat Çapan,Kanguru
Cevat Çapan,Ayrıntı
Cevat Çapan,Kolektif
Cevat Çapan,Deli Dolu
Cevdet Perin,Remzi
Cevdet Perin,Rıza Koşkun
Cevdet Perin,Işık
Cevdet Perin,Güven
Cevdet Perin,Arif Bolat Kitapevi
Cevdet Perin,Kervan
Cevdet Perin,Elips Kitap
Coşkun Yerli,Yapı Kredi
Coşkun Yerli,İyi Şeyler
DENİZ- Bekir Karadeniz,Papirüs
DENİZ- Bekir Karadeniz,Kavram
DENİZ- Bekir Karadeniz,Kum
Derya Önder,YKY
Derya Önder,Düş Gemisi
Derya Önder,Türkiye İş Bankası
Devrim Alkış,Turkuvaz
Devrim Alkış,Halk
Didem Uslu,İlya
Dost Körpe,Mitos
Dost Körpe,Era
Dost Körpe,Gendaş
Dost Körpe,İthaki
Dost Körpe,Ötüken
Doğan Aksan,Dün-Bugün
Doğan Aksan,Türk Dil Kurumu
Durali Yılmaz,Temel
Durali Yılmaz,Kalem
Durali Yılmaz,Nehir
Ebüzziya Tevfik,Mihran
Ece Gamze Atıcı,Altıkırkbeş
Edeb Mahir Yalnız,Milli Eğitim Bakanlığı
Edeb Mahir Yalnız,Ayyıldız
Edeb Mahir Yalnız,Ankara Öğretmenler Yardımlaşma Derneği
Efe Duyan,Yitik Ülke
Elif Köksal,Hayalperest
Emir Ali Yağan,Belge
Emir Ali Yağan,İletişim
Emre Miyasoğlu,Mahya
Engin Karadeniz,Artemis
Enis Behiç Koryürek,Başvekalet İstatistik Umum Müdürlüğü
Enis Behiç Koryürek,Milli Eğitim Bakanlığı
Enver Naci Gökşen,Kader
Ercüment Ekrem Talu,Kanaat
Ercüment Ekrem Talu,Yüksel
Erdal Alova,Sanat Emeği
Erdal Alova,Yazko
Erdal Alova,Yön
Erdal Alova,Kavram
Erdal Alova,İmge
Erdal Alova,Şefik
Erdal Alova,Boyut
Erdal Alova,Kabalcı
Erdal Alova,K
Erdal Alova,Evrensel
Erdal Alova,Gendaş
Erdal Alova,Türkiye İş Bankası
Erdal Alova,Can
Erdal Öz,Cem
Erdoğan Alkan,Altın Kitaplar
Erdoğan Alkan,Yazko
Erdoğan Alkan,De
Erdoğan Alkan,Alaz
Erdoğan Alkan,Deyiş
Erdoğan Alkan,Us
Erdoğan Alkan,Yön
Erdoğan Alkan,Toplumsal Dönüşüm
Erdoğan Alkan,Kaynak
Erdoğan Alkan,Broy
Erdoğan Altınkaynak,Karadeniz Dergi
Ergin Günçe,Sosyal Adalet
Ergin Günçe,Ekim yay
Ergin Günçe,May
Erhan Bener,Dost
Erhan Bener,Hürriyet
Erhan Bener,Kültür ve Turizm Bakanlığı
Erhan Bener,Nisan
Erhan Bener,Yazın
Erkut Tokman,Komşu
Ersan Üldes,Sel
Ersan Üldes,Kafka Kitap
Estreya Seval Vali,Gözlem
Fahri Erdinç,Habora
Fahri Erdinç,Ağaoğlu
Fahri Erdinç,De
Fahri Öz,Ayraç
Fahri Öz,Altıkırkbeş
Fahri Öz,Dost
Fahri Öz,Metis
Fahri Öz,Ayrıntı
Fahri Öz,Heretik
Fahri Öz,Türkiye İş Bankası
Faik Dranaz,Akba
Faik Esat (Andelib),Mahmud Bey
Faik Sabri Duran,Matbaa-i Kader
Fakir Baykurt,Ortadoğu
Faruk Gürtunca,Ülkü
Faruk Gürtunca,Altın Kitaplar
Faruk Gürtunca,Sağlam
Fatih Erdoğan,Ceylan
Fatih Erdoğan,Redhouse
Fatih Erdoğan,Mavibulut
Fatih Erdoğan,Milet Publishing
Fatih Erdoğan,Net
Fatih Erdoğan,Bulut
Fatih Özgüven,İletişim
Fatih Özgüven,Can
Fatma Aliye,Asır Kütüphanesi
Fazlı Necip,Mihran
Fazlı Necip,A. Maviyan Şirket-i Mürettibiye
Fazlı Necip,Asır Kütüphanesi
Fazlı Necip,Yeni Asır
Ferhan Oğuzkan,Türkiye Öğretmenler Bankası
Ferhan Oğuzkan,Milli Eğitim Bakanlığı
Feride Çiçekoğlu,Aslımlar
Feride Çiçekoğlu,Kalem
Feride Çiçekoğlu,Arkadaş
Ferit Edgü,Ataç
Ferit Edgü,Çan
Ferit Edgü,Ada
Fethi Naci Kalpakçıoğlu,Gerçek
Feyyaz Kayacan,Yapı Kredi
Feyzi Halıcı,Konya Kültür Ve Turizm Derneği
Feyzullah Sacit Ülkü,Cihan
Feyzullah Sacit Ülkü,Türkiye
Fikret Adil,İnkılap
Fikret Adil,Kanaat
Fikret Adil,Milli Eğitim Bakanlığı
Fikret Adil,İnsel
Fikret Adil,Kent
Fikret Adil,Ataç
Fikret Adil,Yeditepe
Fikret Adil,Türkiye İş Bankası
Fikret Hakan,Telos
Fikret Ürgüp,Remzi
Fikret Ürgüp,Semih Lütfi Kitabevi
Fuat Hulusi Demirelli,Sühulet
Füruzan Toprak,Sinan
Füruzan Toprak,Akyüz
Füsun Erbulak,Broy
Füsun Erbulak,Cep
Gökçe Gökçeer,MEAV
Gülayşe Koçak,Türk Tarih Kurumu
Gülayşe Koçak,Yapı Kredi
Gülistan İsmet Hanım,Hanımlara Mahsus Gazete
Gülseli İnal,Kadın Çevresi
Gültekin Emre,Kızılırmak
Gültekin Emre,İyi Şeyler
Gültekin Emre,Gendaş
Gültekin Emre,Gergedan
Gültekin Özkan,Kızılırmak
Gültekin Özkan,Harf
Gültekin Özkan,İyi Şeyler
Gülçin Alpöge,Milli Eğitim Bakanlığı
Gün Zileli,Kaos
Gün Zileli,Pencere
Gün Zileli,Günizi
Gün Zileli,Versus
Gün Zileli,Boğaziçi Üniversitesi
Gün Zileli,Kibele
Gün Zileli,İmge
Gün Zileli,Ayrıntı
Gün Zileli,h2o Kitap
Gün Zileli,Sel
Güner Sümer,İzlem
Güner Sümer,Bilgi
Gürhan Tümer,Sanat-Koop
Gürhan Tümer,Yazko
Gürhan Tümer,Varlık
Gürhan Uçkan,Telos
Gürhan Uçkan,Yarın
Gürhan Uçkan,Kavram
Gürhan Uçkan,Kültür ve Turizm Bakanlığı
Gürhan Uçkan,Nokta
Gürkal Aylan,Alaz
Gürkal Aylan,Oğlak
Gürkal Aylan,Artshop
Gürkal Aylan,Mediacat
Güven Turan,İyi Şeyler
Güven Turan,Yapı Kredi
Güven Turan,Kavram
Güzin Dino,Fata Morgana
H. Hüsrev Hatemi,Sufi Kitap
H. Hüsrev Hatemi,Çağrı
HOVSEP VARTANYAN (VARTAN PAŞA),H. Kayol
HOVSEP VARTANYAN (VARTAN PAŞA),Mühendisyan
Hakan Akdoğan,Aylak Adam
Hakan Akdoğan,Zeplin
Hakkı Süha Gezgin,Milli Eğitim Bakanlığı
Hakkı Süha Gezgin,Muallim Ahmet Halit Yaşaroğlu Kitaphanesi
Hakkı Süha Gezgin,Uğur
Hakkı Süha Gezgin,Arif Bolat Kitapevi
Hakkı Süha Gezgin,Remzi
Haldun Derin,Milli Eğitim Bakanlığı
Haldun Derin,Nebioğlu
Haldun Derin,Kültür ve Turizm Bakanlığı
Haldun Taner,İstanbul Üniversitesi Edebiyat Fakültesi
Halide Nusret Zorlutuna,Milliyet
Halikarnas Balıkçısı (Musa Cevat Şakir Kabaağaçlı),Bilgi
Halil Bedii Fırat,Ali Alkan
Halil Nihat Boztepe,Yeni Edebiyat
Halit Eyüp (Yenişehirlizade),Hizmet
Halit Eyüp (Yenişehirlizade),Cemal Efendi
Halit Eyüp (Yenişehirlizade),Matbaa-i Tahir Bey
Halit Fahri Ozansoy,İstanbul Şehir Tiyatrosu
Halit Fahri Ozansoy,Akşam Kütüphanesi
Halit Fahri Ozansoy,Remzi
Halit Fahri Ozansoy,Ahmet Sait
Halit Fahri Ozansoy,Kanaat Kütüphanesi
Halit Fahri Ozansoy,Okul ve Öğretmen Mecmuası
Halit Fahri Ozansoy,Ötüken
Halit Fahri Ozansoy,Ulusal
Halit Fahri Ozansoy,Muallim Ahmet Halit Yaşaroğlu Kitaphanesi
Halit Fahri Ozansoy,Milli Eğitim Bakanlığı
Halit Fahri Ozansoy,ABC
Halit Fahri Ozansoy,Güven
Halit Fahri Ozansoy,Roman
Halit Fahri Ozansoy,İnkılap
Halit Fahri Ozansoy,İstanbul Şehir Tiyatroları
Halit Fahri Ozansoy,Hakan
Halit Fahri Ozansoy,Baha
Hasan Adnan Önelçin,Tekirdağ Halkevi Yayınları
Hasan Ali Yücel,İstanbul Devlet Matbaası
Hasan Ali Yücel,Remzi
Hasan Cemil Çambel,Erkan-ı Harbiyye-i Umumiyye
Hasan Cemil Çambel,Kader
Hasan Cemil Çambel,Hakimiyet-i Milliye
Hasan Cemil Çambel,Kanaat
Hasan Harmancı,Yapı Kredi
Hasan Harmancı,Çizgi Kitabevi
Hasan Latif Sarıyüce,Kervan
Hasan Rasim Us,Vakit
Hicabi Kırlangıç,Yöneliş
Hicabi Kırlangıç,İnsan
Hicabi Kırlangıç,Atlas Kitap
Hicabi Kırlangıç,Ney
Hicabi Kırlangıç,Ekim
Hicabi Kırlangıç,Kapı
Hicabi Kırlangıç,Hece
Hilmi Yavuz,Cem
Hilmi Yavuz,Varlık
Hilmi Yavuz,Bağlam
Hilmi Yavuz,Meserret
Hilmi Ziya Ülken,Vakit
Hilmi Ziya Ülken,Milli Eğitim Bakanlığı
Hilmi Ziya Ülken,Türkiye
Hilmi Ziya Ülken,İstanbul Üniversitesi Edebiyat Fakültesi
Hüseyin Alacatlı,Akçağ
Hüseyin Daniş,Matbaa-i Hayriye
Hüseyin Daniş,Kanaat
Hüseyin Daniş,Evkaf
Hüseyin Hatemi,Yeni
Hüseyin Hatemi,Nazir Akbasam
Hüseyin Hatemi,Kutulmuş
Hüseyin Hatemi,Düşünce
Hüseyin Hatemi,Çağrı
Hüseyin Hatemi,İnsan
Hüseyin Hatemi,Bir
Hüseyin Hatemi,Seçkin
Hüseyin Hatemi,İletişim
Hüseyin Hatemi,İşaret
Hüseyin Nihal Atsız,Küçükaydın
Hüseyin Nihal Atsız,Milli Eğitim Bakanlığı
Hüseyin Nihal Atsız,Tercüman
Hüseyin Rahmi Gürpınar,Kitabhane-i Ebuzziya
Hüseyin Rahmi Gürpınar,Tercüman-ı Hakikat
Hüseyin Rahmi Gürpınar,Matbaa-i Amire
Hüseyin Rahmi Gürpınar,Artin Asaduryan Şirket-i Mürettibiye
Hüseyin Rahmi Gürpınar,İkdam
Hüseyin Rıfat (Işıl),Evkaf
Hüseyin Rıfat (Işıl),Abajoli
Hüseyin Özbay,Kültür ve Turizm Bakanlığı
K.- Tarık Dursun,Seçilmiş Hikayeler Dergisi
K.- Tarık Dursun,Varlık
K.- Tarık Dursun,Çınar
K.- Tarık Dursun,Bilgi
K.- Tarık Dursun,Cem
K.- Tarık Dursun,Altın Kitaplar
K.- Tarık Dursun,Mete
K.- Tarık Dursun,Koza
K.- Tarık Dursun,Onur
Kamuran Şipal,Ataç
Kamuran Şipal,Cem
Kamuran Şipal,Say
Karin Karakaşlı,Telos
Kasım Tınıstanov,Serp i Molot
Kemal Abdulla,Mütercim
Kemal Beyatlı,Türkmen Kardeşlik Ocağı
Kemal Bilbaşar,Sümer
Kemal Bilbaşar,Tekin
Kemal Burkay,Özgürlük Yolu
Kemal Edip Kürkçüoğlu,Vakıflar Umum Müdürlüğü
Kemal Edip Kürkçüoğlu,Milli Eğitim Bakanlığı
Kemal Edip Kürkçüoğlu,Türk Tarih Kurumu
Kemal Kandaş,Yankı
Kemal Kandaş,Oda
Kemal Özer,Habora
Kemal Özer,Yazko
Kemal Özer,De
Kemal Özer,Broy
Kemal Özer,Yordam
Kemal Özer,Artshop
Kemal Özer,Toroslu
Kemalettin Şükrü Orbay,Müşterekü'l-Menfaa Osmanlı
Kemalettin Şükrü Orbay,Minber
Kemalettin Şükrü Orbay,Kanaat Kütüphanesi
Kenan Sarıalioğlu,İyi Şeyler
Kenan Sarıalioğlu,Opus
Kenan Sarıalioğlu,Gendaş
Kenan Sarıalioğlu,Adam
Kenan Sarıalioğlu,Dünya
Kenan Sarıalioğlu,Bordo Siyah
Kenan Sarıalioğlu,Kırmızı
Kenan Sarıalioğlu,Dharma
Kenan Sarıalioğlu,Ara-Lık
Kenan Sarıalioğlu,Apollon
Kenan Sarıalioğlu,Sözcükler
Kenan Sarıalioğlu,Islık
Kenan Sarıalioğlu,Türkiye İş Bankası
Kenan Sarıalioğlu,Omnia
Kenan Sarıalioğlu,Chiviyazıları
Kenan Sarıalioğlu,Kırmızı Kedi
Korhan Kaya,Dost
Korhan Kaya,İmge
Korhan Kaya,Türkiye İş Bankası
Korhan Kaya,Sujala
Kriton Dinçmen,İletişim
Kriton Dinçmen,Arion
Kriton Dinçmen,Yön
Kriton Dinçmen,Scala
Kudret Recep Emiroğlu,Trabzon Vakfı
Kudret Recep Emiroğlu,Ankara Enstitüsü Vakfı
Kamil Yeşil,Kaknüs
Levent Gönül,ODTÜ Geliştirme Vakfı
Levent Yılmaz,İletişim
Levent Yılmaz,Dost
Levent Yılmaz,Everest
Leyla Onat,İlkkaynak
Leyla Onat,Ümit
Lütfi Özkök,Bonniers
Lütfi Özkök,Yapı Kredi
Lütfullah Sami Akalın,Boğaziçi Üniversitesi
M. Bozkurt Güvenç,Özgür İnsan
M. Bozkurt Güvenç,Cem
M. Bozkurt Güvenç,Remzi
M. Bozkurt Güvenç,Cep
M. Mücahit Küçükyılmaz,Şule
M. Orhan Okay,Dergah
M. Orhan Okay,Diyanet İşleri Başkanlığı
M. Sunullah Arısoy,Hürriyet Vakfı
M. Türker Acaroğlu,Varlık
M. Türker Acaroğlu,Çocuk Esirgeme Kurumu
M. Türker Acaroğlu,Türk Tarih Kurumu
M. Türker Acaroğlu,İstanbul Yayın Kooperatifi
M. Türker Acaroğlu,Berkalp Kitabevi
M. Türker Acaroğlu,Hür
M. Türker Acaroğlu,Kaynak
M. Türker Acaroğlu,Evrensel
M. Türker Acaroğlu,Türk Kütüphaneciler Derneği
M. Şevki Yazman,Türkiye
M. Şevki Yazman,İstanbul Fetih Cemiyeti İstanbul Enstitüsü
M. Şevki Yazman,İstanbul Matbaa Sanat Enstitüsü
M. Şevki Yazman,Burçak
M. Şevki Yazman,İstanbul Teknik Üniversitesi Mimarlık Fakültesi Şehircilik Enstitüsü
MECDİ- Abdülaziz Mecdi Tolun,İz
MECDİ- Abdülaziz Mecdi Tolun,Furkan
MECDİ- Abdülaziz Mecdi Tolun,Litera
MERAL ÇELEN,Keloğlan
Mahmut Sadık,Cemal Efendi
Mahmut Sadık,Asır Kütüphanesi
Mahmut Sadık,Ahter
Mahmut Sadık,Mihran
Mahmut Sadık,Sabah
Mahmut Özay,Kıraat
Mazhar Candan,Düşün
Mebrure Sami Alevok (Koray),Yeni Ses Gazetesi
Mebrure Sami Alevok (Koray),Sühulet
Mebrure Sami Alevok (Koray),İkbal
Mebrure Sami Alevok (Koray),Remzi
Mebrure Sami Alevok (Koray),Doğan Kardeş
Mebrure Sami Alevok (Koray),Milli Eğitim Bakanlığı
Mehemmed- Ağa Şahtahtlı,Argonavt Gazetesi
Mehmed Fahri Paşa,Matbaa-i Esad-ı İzzet
Mehmed Fahri Paşa,Kitapçı Arakel Tozliyan İdare-i Şirket-i Mürettebiye Matbaası
Mehmed Fahri Paşa,Daire-i Askeriye
Mehmed Fahri Paşa,Mahmud Bey
Mehmed Fahri Paşa,Maarif-i Umumiye Nezareti
Mehmed Ziver,Mahmud Bey
Mehmet Akif Ersoy,Sebilürreşat Kütüphanesi
Mehmet Akif Ersoy,Ali Şükrü
Mehmet Akif Ersoy,Evkaf-ı İslamiyye
Mehmet Ali Ulvi,Kitapçı Arakel Tozliyan İdare-i Şirket-i Mürettebiye Matbaası
Mehmet Ali Ulvi,Matbaa-i Karabet ve Kaspar
Mehmet Can Doğan,Kurgan Edebiyat
Mehmet Can Doğan,Hece
Mehmet Fuat Köprülü,Diyanet İşleri Başkanlığı
Mehmet H. Doğan,Payel
Mehmet H. Doğan,İyi Şeyler
Mehmet H. Doğan,Can
Mehmet Nuri Gençosmanoğlu,Yeluk
Mehmet Nuri Gençosmanoğlu,Milli Eğitim Bakanlığı
Mehmet Nuri Gençosmanoğlu,Türkiye İş Bankası
Mehmet Nuri Gençosmanoğlu,Ankara Üniversitesi
Mehmet Nuri Gençosmanoğlu,Ataç
Mehmet Nuri Gençosmanoğlu,Uzluk
Melek Paşalı,Kaknüs
Melih Cevdet Anday,Milli Eğitim Bakanlığı
Melih Cevdet Anday,Yeditepe
Melih Cevdet Anday,Varlık
Melih Cevdet Anday,Oluş
Melih Cevdet Anday,Nobel
Melih Cevdet Anday,Çan
Melih Cevdet Anday,Yankı
Melih Cevdet Anday,Cem
Melih Cevdet Anday,Remzi
Melisa Kesmez,Sel
Memet Baydur,Mitos
Memet Baydur,İletişim
Memet Fuat,Yön
Memmed İsmayıl Mürşüt oğlu,İşıq
Memmed İsmayıl Mürşüt oğlu,Yazıçı
Memmed İsmayıl Mürşüt oğlu,Türk Dil Kurumu
Metin Cengiz,Broy
Metin Cengiz,Sel
Metin Cengiz,Yön
Metin Cengiz,İyi Şeyler
Metin Cengiz,Pencere
Metin Cengiz,Nazım Hikmet Kültür ve Sanat Vakfı
Metin Cengiz,Şiirden
Metin Cengiz,Artshop
Metin Fındıkçı,Dünya
Metin Fındıkçı,Digraf
Metin Fındıkçı,Artshop
Metin İlkin,Oda
Metin İlkin,Berfin
Mevlüt Ceylan,Vadi
Mevlüt Ceylan,Core Publications
Mevlüt Ceylan,A Selection
Mina Urgan,Milli Eğitim Bakanlığı
Mina Urgan,ME
Mina Urgan,Çan
Mina Urgan,Adam
Mina Urgan,Altın Kitaplar
Misli Baydoğan,Panama
Mitat Enç,Milli Eğitim Bakanlığı
Mitat Enç,Cumhuriyet
Muallim Naci,Matbaa-i Nişan Berberyan
Muallim Naci,Kitabhane-i Ebuzziya
Muallim Naci,Bahriye
Muallim Naci,Mihran
Muallim Naci,Matbaa-i Amire
Muallim Naci,S. Şirket-i Mürettibiyesi
Muallim Naci,Asır Kütüphanesi
Muallim Naci,Artin Asadoryan Şirket-i Mürettebiye
Muammer Yüzbaşıoğlu,Çeltüt
Muammer Yüzbaşıoğlu,Tekin
Muazzez Tahsin Berkand,İnkılap
Muazzez Tahsin Berkand,İkbal
Muhsin Ertuğrul,Necm-i İstikbal
Muhsin Ertuğrul,Reklam
Muhsin Ertuğrul,Remzi
Mukay Elebayev,Bengü
Murat Aykaç Erginöz,Ark Kitapları
Murat Aykaç Erginöz,Arion
Murat Batmankaya,Say
Murat Batmankaya,Doğan Egmont
Murat Batmankaya,Omega
Murat Batmankaya,Beyaz Balina
Murat Batmankaya,Alkım
Murat Batmankaya,Çizmeli Kedi
Murat Batmankaya,Everest
Murat Batmankaya,Şule
Murat Sertoğlu,Tan
Murat Uraz,Semih Lütfi Kitabevi
Murat Uraz,Türk Neşriyat Yurdu
Murat Çulcu,Kastaş
Murat Çulcu,Denizler
Mustafa Balel,Yonga
Mustafa Balel,Oda
Mustafa Balel,Öz
Mustafa Balel,Ayrıntı
Mustafa Balel,Yılmaz
Mustafa Balel,İletişim
Mustafa Balel,Evrensel
Mustafa Balel,Papirüs
Mustafa Balel,Artshop
Mustafa Balel,Kavis Kitap
Mustafa Everdi,21. Yüzyıl
Mustafa Kurt,Kurgan Edebiyat
Mustafa Miyasoğlu,Akçağ
Mustafa Miyasoğlu,Kültür ve Turizm Bakanlığı
Mustafa Reşit,Cemal Efendi
Mustafa Yazıcı,Ahmet Hamdi
Mustafa Yazıcı,Yazıcı
Muzaffer Gökman,Kitapçılık
Müfit Ratip,Tanin
Müfit Ratip,Asır Kütüphanesi
Münif Paşa,Mekteb-i Fünun-u Harbiye
Münif Paşa,Ceridehane
Münif Paşa,Ruzname-i Ceride-i Havadis Gazetesi
Münif Paşa,Cemiyet-i İlmiye ve Osmaniye
Münif Paşa,Kitabhane-i Ebuzziya
Münir Göle,İletişim
Münir Göle,Anfa
Münir Göle,Afa
Münir Göle,Can
Münir Göle,Alakarga Sanat
Münir Çapanoğlu,Vakit
Naci Sadullah,Doğanlar
Nahit Kayabaşı,Deniz
Nazmi Akıman,Varlık
Nebi Hezri Elekberoğlu Babayev,Gençlik
Necati Cumalı,Milli Eğitim Bakanlığı
Necati Cumalı,Ataç
Necati Cumalı,Varlık
Necati Cumalı,Cem
Necdet Rüştü Efe,Ülkü
Necip Fazıl Kısakürek,Babıalide Sabah Gazetesi
Necla Işık,Can
Necla Işık,Gölge
Necla Işık,Doğan Kitap
Necla Işık,Güncel
Necla Işık,Dünya Kitapları
Necla Işık,Evrensel
Necmi Zeka,Adam
Necmi Zeka,Dirimart
Nedim Gürsel,Milliyet
Nejat Muallimoğlu,Bedir
Nejat Muallimoğlu,Milli Eğitim Bakanlığı
Nejat Muallimoğlu,Birleşik
Nejat Muallimoğlu,Avcıol
Nejat Muallimoğlu,Ötüken
Nermi Uygur,İstanbul Üniversitesi Edebiyat Fakültesi
Nezihe Araz,Çocuk Esirgeme Kurumu
Niyazi Berkes,Alaeddin Kıral
Niyazi Berkes,Milli Eğitim Bakanlığı
Niyazi Berkes,Tan
Niyazi Berkes,Sol
Niyazi Berkes,Tarihçi
Nizamettin Nazif Tepedelenlioğlu,Milli Eğitim Bakanlığı
Nurduran Duman,Literatür
Nurduran Duman,Pegasus
Nurettin Artam,Muallim Ahmet Halit Yaşaroğlu Kitaphanesi
Nurettin Artam,Ulus
Nurettin Artam,Akra Kitabevi
Nurettin Sevin,Hilmi
Nurettin Sevin,Cezaevi
Nurettin Sevin,Milli Eğitim Bakanlığı
Nuri Pakdil,Edebiyat Dergisi
Nurullah Ataç,Hakimiyet-i Milliye
Nurullah Ataç,Milli Eğitim Bakanlığı
Nurullah Ataç,Kanaat Kütüphanesi
Nurullah Ataç,Muallim Ahmet Halit Yaşaroğlu Kitaphanesi
Nurullah Ataç,Semih Lütfi Kitabevi
Nurullah Ataç,Hilmi
Nurullah Ataç,Akba
Nurullah Ataç,Varlık
Nurullah Ataç,Remzi
Nurullah Ataç,Cem
Nusret Merdan,Kuveyt Kültür Bakanlığı
Oktay Rifat,Milli Eğitim Bakanlığı
Oktay Rifat,Cumhuriyet
Oktay Rifat,İstanbul Basımevi
Oktay Rifat,Varlık
Oktay Rifat,Çan
Oktay Rifat,Adam
Oktay Verel,İtimat Kitabevi
Onat Kutlar,Ada
Onat Kutlar,Can
Orhan Alkaya,Evrensel
Orhan Burian,Çiturus Biraderler
Orhan Burian,Milli Eğitim Bakanlığı
Orhan Burian,Becid
Orhan Duru,Çan
Orhan Duru,Milliyet
Orhan Duru,Soyut
Orhan Duru,Ada
Orhan Duru,Boyut
Orhan Koçak,Köz
Orhan Koçak,Metis
Orhan Koçak,Belge
Orhan Koçak,Kardelen
Orhan Özdemir,Kültür ve Turizm Bakanlığı
Orhan Şaik Gökyay,Eminönü Halkevi
Orhan Şaik Gökyay,Remzi
Orhan Şaik Gökyay,Türk Tarih Kurumu
Orhan Şaik Gökyay,Milli Eğitim Bakanlığı
Oruç Aruoba,Hacettepe Üniversitesi
Oruç Aruoba,Bilim Felsefe ve Sanat
Oruç Aruoba,BFS
Oruç Aruoba,Varlık
Oruç Aruoba,Altıkırkbeş
Oruç Aruoba,İthaki
Oruç Aruoba,Metis
Osman Akınhay,İletişim
Osman Akınhay,Metis
Osman Akınhay,Ayrıntı
Osman Akınhay,Bilim ve Sanat
Osman Akınhay,Alfa
Osman Akınhay,Everest
Osman Koca,Beyan
Osman Nebioğlu,Nebioğlu
Osman Nebioğlu,Milliyet
Osman Turan,Türk Tarih Kurumu
Osman Turan,Ankara Üniversitesi DTCF
Osman Tuğlu,Klaros
Osman Tuğlu,Kabalcı
Panayot Abacı,Belge
Peyami Safa,Kitabhane-i Hilmi
Peyami Safa,Cihan
Peyami Safa,Vakit
Peyami Safa,Sel
Pınar Kür,Gelişim
Pınar Kür,E
Pınar Kür,Hürriyet
Pınar Kür,Hür
Pınar Kür,Can
Pınar Kür,Ada
Pınar Kür,Remzi
Pınar Kür,Simavi
Pınar Kür,Metis
Pınar Kür,İletişim
Pınar Kür,Yapı Kredi
Pınar Kür,Oğlak
Pınar Selek,Belge
Raif Necdet Kestelli,Sühulet
Raif Necdet Kestelli,Kitaphane-i İslam ve Askeri
Rakım Çalapala,Türkiye
Ramazan Dikmen,Hece
Ramis Dara,Can
Rasim Özdenören,Bedir
Rasim Özdenören,Hilal
Rasim Özdenören,Fikir
Recaizade Mahmut Ekrem,Tasvir-i Efkar
Recaizade Mahmut Ekrem,Mahmud Bey
Refi Cevat Ulunay,Semih Lütfi Kitabevi
Refi Cevat Ulunay,Muallim Ahmet Halit Yaşaroğlu Kitaphanesi
Refi Cevat Ulunay,Akba
Refi Cevat Ulunay,A
Refik Algan,Ruh ve Madde
Refik Algan,Dharma
Refik Algan,Klan
Refik Özdek,İstanbul Matbaası
Refik Özdek,Yağmur
Refik Özdek,Bedir
Refik Özdek,Boğaziçi
Refik Özdek,Yeni Asya
Refik Özdek,Ötüken
Refik Özdek,Hotama Kültür
Remzi Oğuz Arık,Cihan
Reşad Ekrem Koçu,Çığır
Reşad Ekrem Koçu,Ülkü Kitap Yurdu
Reşad Ekrem Koçu,Semih Lütfi Kitabevi
Reşad Ekrem Koçu,Nurgök
Reşat Nuri Güntekin,Kanaat
Reşat Nuri Güntekin,Kader
Reşat Nuri Güntekin,İkbal Kütüphanesi
Reşat Nuri Güntekin,Devlet
Reşat Nuri Güntekin,Milliyet
Reşat Nuri Güntekin,Kanaat Kütüphanesi
Reşat Nuri Güntekin,Semih Lütfi Kitabevi
Reşat Nuri Güntekin,Yedigün
Reşat Nuri Güntekin,İnkılap
Reşat Nuri Güntekin,Ulus
Reşat Nuri Güntekin,Hürriyet Gazetesi
Reşat Nuri Güntekin,Varlık
Reşat Nuri Güntekin,Milli Eğitim Bakanlığı
Reşat Nuri Güntekin,İstanbul Yayınları
Reşat Nuri Güntekin,Muallim Ahmet Halit Yaşaroğlu Kitaphanesi
Reşat Nuri Güntekin,Doğan Kardeş
Roni Margulies,Adam
Roni Margulies,Oğlak
Ruhan Mavruk,Kelebek
Ruşen Eşref Ünaydın,Mahmud Bey
Ruşen Eşref Ünaydın,Devlet
Ruşen Eşref Ünaydın,Türk Ocakları
Ruşen Eşref Ünaydın,Kanaat Kütüphanesi
Rüstem Aslan,Gendaş
Rüstem Aslan,Arkeoloji ve Sanat
Rüstem Aslan,Cümle
Rıdvan Canım,Yazar
SEYYAHÎ-DEVRANÎ-İMAMOĞLU-SAMİMi-NURİ ŞAHİNOĞLU- Bekir Sami Özsoy,ÜNFO
Sabah Kara,Hibaş
Sabah Kara,Seçkin
Sabahattin Ali,Ulus
Sabahattin Ali,Milli Eğitim Bakanlığı
Sabahattin Ali,Anka Kitabevi
Sabahattin Eyuboğlu,Çan
Sabahattin Kudret Aksal,De
Sabahattin Kudret Aksal,Cem
Sabri Esat Siyavuşgil,Milli Eğitim Bakanlığı
Sabri Esat Siyavuşgil,Sythoff
Sabri Esat Siyavuşgil,Morpa
Sabri Esat Siyavuşgil,Türkiye İş Bankası
Sadri Ertem,Ahmet Sait
Sadık Yemni,Gri
Safiye Erol,Semih Lütfi Kitabevi
Safiye Erol,MEB
Sait Maden,Yenilik
Sait Maden,Oluş
Sait Maden,De
Sait Maden,Altın Kitaplar
Sait Maden,Varlık
Sait Maden,Cem
Sait Maden,Yeni Ankara
Sait Maden,Derinlik
Sait Maden,Tan
Sait Maden,Çekirdek
Sait Maden,Dünya
Salican Cigitov,Mektep
Salican Cigitov,Kırgızstan
Salih Zeki Aktay,Dün ve Yarın Tercüme Külliyatı
Salih Zeki Aktay,Ahmet Sait Kütüphanesi
Salah Birsel,ABC
Salah Birsel,Milli Eğitim Bakanlığı
Salah Birsel,İstanbul Yayınları
Salah Birsel,Gim
Salah Birsel,Türk Dil Kurumu
Salah Birsel,Bilgi
Salah Birsel,Broy
Samed Vurgun,Pioner
Samed Vurgun,Azerbaycan Medeni Rabıta Cemiyeti
Samed Vurgun,Uşakgençneşr
Sami N. Özerdim,Milli Eğitim Bakanlığı
Sami N. Özerdim,Varlık
Sami Sabit Karaman,Selüloz
Sami Sabit Karaman,Uluslararası İncelemeler
Sami Önal,İletişim
Sami Önal,Türkiye İş Bankası
Sami Önal,Şimşek
Samipaşazade Sezai,Türk Dil Kurumu
Sedat Umran,Ruh ve Madde
Sedat Umran,İstanbul Kitabevi
Sedat Umran,Say
Sedat Umran,Milliyet
Sedat Umran,İz
Sedat Umran,Birleşik
Sedat Umran,Berfin
Sedat Umran,Birey
Selami Münir Yurdatap,Matbaa-i Orhaniye
Selami Münir Yurdatap,Cemiyet
Selami Münir Yurdatap,Güneş
Selami Münir Yurdatap,Bozkurt
Selami Münir Yurdatap,Güven
Selami Münir Yurdatap,Yeniçağ
Selami Münir Yurdatap,Türkiye
Selami İzzet Sedes,Akşam Kütüphanesi
Selami İzzet Sedes,Akşam
Selami İzzet Sedes,Umumi Kütüphane
Selami İzzet Sedes,Remzi
Selami İzzet Sedes,Güven
Selami İzzet Sedes,Semih Lütfi Kitabevi
Selami İzzet Sedes,Osmanbey
Selami İzzet Sedes,Hadise
Selami İzzet Sedes,Selek
Selami İzzet Sedes,İnkılap
Selami İzzet Sedes,Gün
Selami İzzet Sedes,Ay
Selami İzzet Sedes,Hayat
Selami Şimşek,Buhara
Selim İleri,Bilgi
Selman Mine,Erenler
Selman Mine,Deniz
Selahattin Batu,Milli Eğitim Bakanlığı
Selçuk Altun,Yapı Kredi
Selçuk Baran,Can
Selçuk Baran,Banka ve Ticaret Hukuku Araştırma Enstitüsü
Servet Bal,Kök
Sevgi Sanlı,Can
Sevgi Sanlı,Türkiye İş Bankası
Sevgi Sanlı,Yapı Kredi
Sevin Okyay,Nil
Sevin Okyay,Kelebek
Sevin Okyay,Yapı Kredi
Sevin Okyay,İletişim
Sevin Okyay,Altın Kitaplar
Sevin Okyay,Sel
Sevin Okyay,Türkiye İş Bankası
Sevin Okyay,Domingo
Sevin Okyay,Hep Kitap
Seyfettin Turhan,Altın Kitaplar
Seyfettin Ünlü,İlke
Seyfettin Ünlü,Beyan
Seyfettin Ünlü,Timaş
Sezai Karakoç,Diriliş
Solmaz Kamuran,İnkılap
Solmaz Kamuran,Sayfa6
Solmaz Kamuran,Domingo
Suat Taşer,Varlık
Suat Taşer,İstiklal Matbaası
Suphi Aytimur,Adam
Suphi Aytimur,İyi Şeyler
SAMÎ-NİYAZÎ- Abdurrahman Sami Efendi,Sufi Kitap
Süleyman Kazmaz,Remzi
Süleyman Nazif,Matbaa-yı Vilayet
Süleyman Nazif,Matbaa-i Amire
Süleyman Nesip,Maarif-i Umumiye Nezareti
Süleyman Sahra,Atlas Kitap
Süleyman Tevfik Özzorluoğlu,Mihran
Süleyman Tevfik Özzorluoğlu,Meşrutiyet
Süleyman Tevfik Özzorluoğlu,Kitabhane-i Sudi
Süleyman Tevfik Özzorluoğlu,Araks
Süleyman Tevfik Özzorluoğlu,El-Adl
Süleyman Tevfik Özzorluoğlu,Kader
Süleyman Tevfik Özzorluoğlu,Hukuk
Süleyman Tevfik Özzorluoğlu,Matbaa-i Orhaniye
Süleyman Tevfik Özzorluoğlu,Ahmed Kemal
Süleyman Tevfik Özzorluoğlu,İkbal Kütüphanesi
Süleyman Tevfik Özzorluoğlu,Matbaacılık ve Neşriyat
Süleyman Tevfik Özzorluoğlu,Bozkurt
Süleyman Vehbi,Mahmud Bey
Tahir Alangu,Doğan Kardeş
Tahir Alangu,Altın Kitaplar
Tahir Alangu,Nobel
Tahir Alangu,Nil
Tahir Alangu,Yankı
Tahir Alangu,Cem
Tahir Alangu,May
Tahir Olgun,İkbal Kütüphanesi
Tahir Olgun,Matbaa-i Amedi
Tahir Olgun,Matbaa-i Amire
Tahir Olgun,Yeni Türkiye
Talat Sait Halman,Varlık
Talat Sait Halman,Doğan Kardeş
Talat Sait Halman,Pittsburgh University Press
Talat Sait Halman,Kitap
Talat Sait Halman,Corinth Books
Talat Sait Halman,İstanbul Matbaası
Talat Sait Halman,Geronimo Books
Talat Sait Halman,Bahar
Talat Sait Halman,Cross-Cultural Communications
Talat Sait Halman,Charioteer Press
Talat Sait Halman,Indiana University Press
Talat Sait Halman,Bibliotheca Islamica
Talat Sait Halman,Dost
Talat Sait Halman,Cem
Talat Sait Halman,Kültür ve Turizm Bakanlığı
Talat Sait Halman,Multilingual Yabancı Dil
Talat Sait Halman,Anvil Press
Talat Sait Halman,Syracuse University Press
Tamer Gülbek,Vakıfbank Kültür
Tarık Günersel,Metis
Tarık Günersel,Mitos
Tarık Günersel,Kabalcı
Tarık Özcan,Fırat Üniversitesi
Tektaş Ağaoğlu,Ağaoğlu
Tektaş Ağaoğlu,Ant
Tektaş Ağaoğlu,Gün
Tektaş Ağaoğlu,Öncü
Tektaş Ağaoğlu,Yücel
Tektaş Ağaoğlu,May
Tektaş Ağaoğlu,De
Tektaş Ağaoğlu,YKY
Teoman Aktürel,Martı
Teoman Aktürel,Remzi
Teoman Aktürel,Dostlar Tiyatrosu
Tezer Özlü,Bilgi
Tezer Özlü,E
Tezer Özlü,Oda
Tomris Uyar,Varlık
Tomris Uyar,De
Tomris Uyar,Bilgi
Tomris Uyar,Gerçek
Tomris Uyar,Kök
Tomris Uyar,Yeni Ankara
Tomris Uyar,Hürriyet
Tomris Uyar,Deniz
Tomris Uyar,Milliyet
Tomris Uyar,Sander
Tomris Uyar,Arkadaş
Tomris Uyar,Altın Kitaplar
Tomris Uyar,Can
Tomris Uyar,Adam
Tomris Uyar,Cem
Tomris Uyar,Ada
Tomris Uyar,İletişim
Tomris Uyar,Afa
Tomris Uyar,Metis
Tomris Uyar,Nisan
Tomris Uyar,Mitos
Tomris Uyar,Yapı Kredi
Tomris Uyar,Simavi
Tomris Uyar,Ayrıntı
Tomris Uyar,Oğlak
Tomris Uyar,İetişim
Tomris Uyar,Dost
Tomris Uyar,Okuyan Us
Tozan Alkan,Islık
Tufan Gündüz,Yeditepe
Tuna Baltacıoğlu,İkbal
Tuna Baltacıoğlu,Çağlayan
Tuncer Cücenoğlu,Seyirlik
Tuncer Cücenoğlu,Mitos
Turan Koç,İz
Turan Koç,Rey
Turan Koç,İnsan
Turan Koç,Gelenek
Turan Koç,Klasik
Turan Koç,İTO
Turan Koç,Hece
Turgay Fişekçi,Numune
Turgay Gönenç,Ataç
Turgay Gönenç,Kovan
Turgay Gönenç,Ada
Turgay Gönenç,İyi Şeyler
Tuğba Doğan,Bağlam
Tölen Abdikulı,Jalın
Tülin Er,Kolektif
Tülin Er,Türkiye İş Bankası
Tülin Er,Aganta Kitap
Tülin Er,Doğan Kitap
Türker Armaner,Pan
Türker Armaner,Türkiye İş Bankası
Türker Armaner,İletişim
Türker Armaner,YKY
Vartan İhmalyan,Cem
Va-Nû Vala Nurettin,Mecmua
Va-Nû Vala Nurettin,Resimli Ay
Va-nû Müzehher,Net
Va-nû Müzehher,Hayat
Va-nû Müzehher,Cem
Va-nû Müzehher,Sosyal
ÖMÜR CANDAŞ,Altın Kitaplar
ÖMÜR CANDAŞ,Esi
Ömer Ateş Kızıltuğ,BDS
Ömer Doğan Öztürkmen,Doğuş
Ömer Ferit Kam,Vilayet
Ömer Ferit Kam,Mahmud Bey
Ömer Madra,Uycan
Ömer Madra,Yapı Kredi
Ömer Polat,Cem
Ömer Polat,Ateş Böceği
Önay Sözer,Varlık
Önay Sözer,Kabalcı
Örikağasızade Hasan Sırrı,Kitabhane-i Ebuzziya
Özcan Oğuz Yalım,Bilgi
Özdemir Asaf,Yuvarlak Masa
Özdemir Nutku,Türk Tarih Kurumu
Özdemir Nutku,Kültür ve Turizm Bakanlığı
Özdemir Nutku,Remzi
Özdemir Nutku,Devlet Tiyatroları
Özdemir Nutku,Kabalcı
Özdemir Nutku,İleri
Özdemir Nutku,Mitos
Özdemir Nutku,Yapı Kredi
Özdemir Nutku,Alkım
Özdemir Nutku,Türkiye İş Bankası
Özgür Savaşçı,Langenscheidt
Özgür Savaşçı,Tamga
Özkan Mert,Papirüs
Özkan Mert,Svenska institutet
Özkan Mert,Kapital
Özkan Mert,Altın Kitaplar
Özkan Mert,Monokl
Ümit Deniz,Ekicigil
Ümit Kıvanç,İletişim
Ünal Bolat,Yeniyüzyıl
Üzeyir Gündüz,Harf Eğitim
Üzeyir Gündüz,Küçükev
İ. Galip Arcan,Milli Eğitim Bakanlığı
İbrahim Alaettin Gövsa,İkbal Kütüphanesi
İbrahim Alaettin Gövsa,Tanin
İbrahim Alaettin Gövsa,Devlet
İbrahim Demirci,Öncü
İbrahim Demirci,Oğlak
İbrahim Demirci,Rey
İbrahim Demirci,Mavi
İbrahim Demirci,Hece
İbrahim Demirci,Yapı Kredi
İbrahim Demirci,Atlas Kitap
İbrahim Demirci,Ebabil
İlhan Berk,Adam
İlhan Berk,Varlık
İlhan Berk,Yazko
İlhan Yardımcı,Dizgi Ofset
İlyas Halil,Kaynak
İlyas Tunç,Artshop
İlyas Tunç,Bence Kitap
İlyas Tunç,Ve
İlyas Tunç,Meda Kitap
İlyas Tunç,Kaos Çocuk Parkı
İnci Asena,Milliyet
İnci Asena,Adam
İnci Asena,Doğan Kitap
İnci Asena,Everest
İpek Ongun,Altın Kitaplar
İrfan Yalçın,Yankı
İrfan Yalçın,Hür
İrfan Yalçın,Z
İrfan Yalçın,Yalçın
İrfan Yalçın,Oda
İrfan Yalçın,Milliyet
İrfan Yalçın,İris
İrfan Yalçın,Ad
İshak Refet Işıtman,Türk Dil Kurumu
İskender Pala,Kültür ve Turizm Bakanlığı
İskender Pala,Türkiye Diyanet Vakfı
İskender Pala,Deniz Kuvvetleri Komutanlığı
İskender Pala,Kapı
İskender Savaşır,Metis
İsmail Hakkı (Alişanzade),Kitabhane-i Ebuzziya
İsmail Hakkı (Alişanzade),Matbaa-i Orhaniye
İsmail Hakkı (Alişanzade),Vakit Gazetesi
İsmail Hakkı (Alişanzade),Remzi
İsmail Kaygusuz,Su
İsmet Zeki Eyüboğlu,Çan
İsmet Zeki Eyüboğlu,Arkın
İsmet Zeki Eyüboğlu,Elif
İsmet Zeki Eyüboğlu,Ataç
İsmet Zeki Eyüboğlu,Oluş
İsmet Zeki Eyüboğlu,Kervan
İsmet Zeki Eyüboğlu,Adam
İsmet Zeki Eyüboğlu,Say
İsmet Zeki Eyüboğlu,Bilim Felsefe
İsmet Zeki Eyüboğlu,Pencere
İsmet Zeki Eyüboğlu,Sosyal
İsmet Zeki Eyüboğlu,Yeni Gün
İsmet Zeki Eyüboğlu,Payel
İsmet Özel,Çıdam
İsmet Özel,Şule
İzzet Yasar,Günce
İzzet Yasar,Ağaoğlu
İzzet Yasar,E
İzzet Yasar,Sosyal Yayınlar
İzzet Yasar,Yapı Kredi
İzzet Yasar,Metis
ŞEMSÎ- Hüseyin Şemsi Ergüneş,İz
Şaban Mahmudoğlu Kalkan,Ensa
Şadan Karadeniz,Milli Eğitim Bakanlığı
Şadan Karadeniz,Devlet Kitapları
Şadan Karadeniz,Dost
Şadan Karadeniz,Can
Şadan Karadeniz,İletişim
Şadan Karadeniz,Metis
Şadan Karadeniz,Telos
Şadan Karadeniz,Oğlak
Şadan Karadeniz,Yapı Kredi
Şadan Karadeniz,Tavanarası
Şadan Karadeniz,Salyangoz
Şahabettin Süleyman,Şahit
Şahap Sıtkı,Milli Eğitim Bakanlığı
Şavkar Altınel,Adam
Şavkar Altınel,Can
Şavkar Altınel,Yapı Kredi
Şemsettin Sami,Camlı Han
Şemsettin Sami,Matbaa-i Osmaniye
Şemsettin Sami,Mihran
Şemsettin Ünlü,Afyon Gazetesi
Şemsettin Ünlü,Dünya Gazetesi
Şerafettin Yaltkaya,Bozkurt
Şerafettin Yaltkaya,Türk Tarih Kurumu
Şerafettin Yaltkaya,Milli Eğitim Bakanlığı
Şerif Benekçi,Erdem
Şerif Kurbanoğlu,Remzi
Şerif Kurbanoğlu,Kanaat
Şerif Kurbanoğlu,Dost
Şerif Kurbanoğlu,Hilmi
Şerif Kurbanoğlu,Ak
Şerif Kurbanoğlu,Ataç
Şerif Kurbanoğlu,Pınar
Şerif Kurbanoğlu,Payel
Şerif Kurbanoğlu,Cem
Şerif Kurbanoğlu,Gür
Şerif Kurbanoğlu,Hür
Şerif Kurbanoğlu,Yorum
Şerif Kurbanoğlu,İletişim
Şerif Çavdaroğlu,Matbaa-i Amire
Şerif Çavdaroğlu,Kitabhane-i Hilmi
Şerif Çavdaroğlu,İstanbul Üniversitesi Hukuk Fakültesi İdare Hukuku ve İdare İlimleri Enstitüsü
Şinasi,Presse d'Orient
Şinasi,Tasvir-i Efkar
Şinasi Nahit Berker,Recep Ulusoğlu
Şükran Yücel,Afa
Şükran Yücel,İstanbul Devlet Tiyatrosu
Şükran Yücel,Dost
